radius;sin;Right_Para;Left_Para;;
outcomes;sets;De;Morgan;countable;uncountable
object;underscore;print;self;Python;
AUDIENCE;PROFESSOR;hash;;;
AUDIENCE;PROFESSOR;hash;log;;
Right_Para;Left_Para;sin;dx;;
ki;algorithm;sorted;SHANKHA;processes;
st;Laplace;sine;transform;careless;
row;matrix;elimination;matrices;entry;
composition;identity;mapping;member;inverse;
population;naught;initial;logistic;differential;
string;BELL;print;Perfect;13;
stages;stage;subsets;digit;slots;elements
conditional;probabilities;PMF;random;event;
BELL;print;file;message;integer;
learning;PATRICK;WINSTON;neurons;;
REN;LING;subproblems;AUDIENCE;;
intersection;of;choices;sets;;
edge;shortest;path;AUDIENCE;flow;
delta;ds;arc;trajectory;;
hash;hashing;keys;key;;
bus;probability;random;student;expectation;PMF
psi;partial;differential;respect;derivative;
theta;likelihood;concave;estimator;KL;
print;user;program;code;percent;
equation;delta;derivative;squared;minus;
determinant;matrix;row;column;submatrix;a3
user;print;loop;code;Python;
matrix;subspace;combinations;vectors;b_1;
LCA;path;you;log;min;reduction
probability;event;intersection;complement;events;
gt;Semicolon;PHP;browser;HTML;DAVID
matrix;eigenvalues;eigenvectors;eigenvector;column;
gradient;tangent;hyperbola;pyramid;;
toss;probability;coin;independence;probabilities;
codomain;b1;vector;x2;b2;
Left_Para;Right_Para;integral;dx;;
relation;relations;diagram;elements;;
outcomes;axioms;outcome;probability;probabilities;probabilistic
determinant;cofactor;row;column;matrix;
theta;partial;OK;dz;;
integral;surface;flux;bounds;dS;
projection;vector;scalar;dot;orthogonal;
okay;Okay;h1;gradient;derivative;
vertex;shortest;Dijkstra;vertices;edges;
subspace;rank;basis;matrix;matrices;dimension
beta;gonna;gamma;PDF;Okay;
DEVADAS;SRINIVAS;NP;subproblems;greedy;
Wronskian;inhomogeneous;solutions;prime;homogeneous;
gradient;surface;tangent;partial;;
raised;precision;complexity;digits;algorithm;
wheels;attribute;mycar;doors;object;init
tosses;event;probability;probabilities;conditional;outcomes
DEVADAS;log;SRINIVAS;search;levels;
code;percent;Python;abstraction;car;
row;transpose;column;rows;columns;matrix
determinant;row;submatrix;scalar;matrix;ai1
Laplace;transform;st;improper;infinity;
particle;particles;beta;energy;quantum;
random;numerical;probability;outcomes;experiment;
neural;produce;recognition;model;models;
cost;costs;table;doubling;you;
rank;select;you;parent;paren;Catalan
OK;critical;minimum;derivatives;;
plane;c_2;vector;pivot;c_1;
cache;log;items;DEMAINE;ERIK;
Laplace;convolution;transform;integral;;
probability;sample;event;subset;;
slot;expected;probability;process;;
characteristic;c2;c1;rx;derivative;
Laplace;Transform;prime;derivative;2s;
integral;plane;bounds;polar;;
complement;union;sets;belongs;belong;intersection
theta;RIGOLLET;PHILIPPE;chi;psi;
Laplace;transform;integral;st;function;
transformation;vector;a1;b2;b1;
Left_Para;Right_Para;tangent;speed;;
gas;equilibrium;heat;temperature;energy;
print;character;loop;char;;
print;return;printing;printed;BELL;console
AUDIENCE;document;PROFESSOR;;;
vertex;algorithm;polynomial;vertices;;
Dirac;tau;spring;Laplace;impulse;
Right_Para;Left_Para;delta;sin;;
determinant;columns;matrix;diagonal;product;
determinant;row;matrix;rows;transpose;
home;dollars;boundary;bet;0;
Left_Para;Right_Para;plane;wheel;;
vector;vectors;length;dot;perpendicular;
probability;obtaining;n2;sequence;outcome;
matrix;2b;determinant;eigenvalues;;
AUDIENCE;PROFESSOR;neighbors;vertices;edges;
return;BELL;divisible;Perfect;program;
boy;girl;she;Jennifer;All;
subtree;node;address;tree;visit;
Right_Para;Left_Para;differentiate;tan;cos;
transpose;row;columns;matrix;currents;
Right_Para;Left_Para;ln;dx;;
dA;region;inertia;integral;polar;
probability;variance;random;expectation;;
row;transformation;matrix;echelon;column;identity
hypothesis;E_out;E_in;growth;;
list;lists;bubble;loop;;
outcomes;conditional;event;probability;die;
probability;Al;arrives;random;expectation;
antiderivative;homogeneous;log;derivative;prime;
gt;Semicolon;Comma;;;
liquid;energy;heat;momentum;particles;
population;Natural;natural;sides;log;
w2;w1;vectors;vector;;
differential;derivative;equation;solution;;
probability;subsets;heads;event;outcomes;
particles;temperature;Tc;pressure;energy;
mu;roots;Euler;characteristic;cosine;
transformation;vector;row;x2;R2;x1
gonna;CDF;okay;distribution;cuz;
conditional;events;independence;probabilities;event;probability
probability;axioms;events;event;sample;
member;composition;unique;invertible;mapping;
x_0;delta;Left_Para;y_0;Right_Para;
b3;b1;b2;a3;length;a1
row;vector;column;matrix;vectors;transpose
transpose;matrix;subspace;perpendicular;vector;
dt;dv;sub;df;dz;
list;loop;code;growth;recursive;
vector;plane;magnitude;hypotenuse;dot;
conditional;probability;coin;PMF;roll;
probability;expectation;conditional;unconditional;variance;
node;queue;enqueue;address;visit;traversal
gonna;okay;Okay;Xn;wanna;
slope;negative;solution;respect;;
flow;edges;Ford;edge;capacity;
gt;Semicolon;DAVID;MALAN;int;
renewal;arrival;stopping;sample;probability;
matrix;transpose;columns;eigenvalue;eigenvector;
vector;vectors;direction;members;magnitude;
eta;beta;density;particles;gas;
probability;sequence;tosses;toss;heads;slots
subspace;column;vectors;vector;columns;
event;scenarios;events;probabilities;scenario;probability
init;print;BELL;class;name;method
PDF;random;beliefs;conditioning;caution;
rho;ensemble;density;Poisson;particles;
structures;data;uh;store;logical;linked
prime;equation;derivative;zero;Euler;
probability;conditional;PDF;PMF;;
list;Okay;node;social;;
code;print;program;debugging;user;
heap;PROFESSOR;AUDIENCE;min;subtree;
solution;imaginary;derivative;alpha;;
pivot;rank;row;matrix;Ax;
ranges;obtain;sequence;carry;infinity;
subtree;node;traversal;visiting;tree;data
mod;key;DEVADAS;SRINIVAS;RSA;
differential;homogeneous;equation;separable;dx;
VICTOR;COSTAN;AUDIENCE;keys;;
R3;vectors;span;vector;linearly;
gt;Semicolon;MALAN;DAVID;Inside;int
ln;Left_Para;Right_Para;logarithm;;
variance;LOTUS;sigma;gonna;okay;
vector;direction;dimensions;horizontal;Dash;
rear;node;queue;enqueue;address;temp
probability;probabilities;conditional;;;
log;successor;rank;suffix;suffixes;SA
row;matrix;x_3;x_2;pivot;x_1
gt;Semicolon;Comma;instance;;
shortest;edges;path;vertices;weight;
edge;DFS;cycle;edges;parent;
directed;undirected;walk;lesson;;
vectors;linearly;vector;v1;vn;
transpose;column;matrix;row;projection;
random;probabilistic;discrete;probability;variables;experiment
outcomes;probability;event;probabilities;outcome;sample
row;column;determinant;matrix;triangular;
character;Comma;sort;Period;Return;
probabilities;conditional;Bayes;beliefs;incorporating;
heap;max;heaps;PROFESSOR;AUDIENCE;
curl;field;rotation;electric;force;
Right_Para;Left_Para;cos;theta;area;
codomain;member;R3;mapping;R2;
hash;hashing;table;insert;;
Left_Para;Right_Para;x_0;ln;;
subspace;vector;matrix;row;;
Laplace;transform;2s;shifted;;
pivot;linearly;columns;echelon;basis;
entropy;log;phi;energy;particles;
transpose;matrix;entries;column;entry;identity
transformation;matrix;vector;column;composition;
cos;sin;Left_Para;Right_Para;;
Comma;to;equation;Period;cosine;
differential;2x;initial;dx;antiderivative;
DFS;edge;PROFESSOR;AUDIENCE;edges;
DEVADAS;SRINI;PROFESSOR;cache;;
shortest;search;path;vertex;Dijkstra;
address;subtree;Node;node;tree;insert
PDF;conditional;variance;expectation;12;uniformly
cache;algorithm;DEMAINE;cost;ERIK;
tan;secant;cos;sec;trig;
theta;Tn;Slutsky;Gaussian;hat;
attribute;wheels;self;BELL;return;
probability;conditional;random;event;probabilities;
Okay;gonna;okay;covariance;beta;
dz;partial;held;gradient;derivatives;
pivot;span;columns;column;vectors;x4
vector;vectors;span;R2;linearly;
matrix;row;pivot;column;pivots;
differential;DX;initial;sides;separable;
edge;vertex;Vi;graph;edges;
gt;Semicolon;hello;program;CS50;string
search;tree;you;finger;keys;
VC;shatter;dimension;;;
program;bug;debugging;debug;;
Laplace;transform;st;prime;c1;
DX;sides;DY;negative;gonna;
probability;coin;event;sample;;
probability;probabilities;coin;;;
print;gold;Python;Perfect;majority;75
row;vector;column;echelon;R3;pivot
simulation;darts;simulations;got;code;
DP;shortest;cards;paths;VICTOR;
random;probability;conditional;probabilities;expected;
gas;temperature;heat;temperatures;energy;
complex;cosine;sine;exponential;;
target;overfitting;noise;hypothesis;;
gonna;Okay;probability;gt;distribution;
transpose;vector;matrix;columns;invertible;
cosine;sine;nt;pi;;
learning;VC;training;hypothesis;;
Laplace;Transform;2s;differential;at;
algorithm;median;merge;recurrence;complexity;
BELL;Python;characters;name;variable;
stack;pop;push;operation;lesson;
gt;Semicolon;internet;code;;
classification;regression;perceptron;learning;;
probability;outcomes;boxes;heads;;
L1;BELL;L2;object;mutated;juice
AVL;AUDIENCE;PROFESSOR;tree;Fibonacci;
matrix;column;columns;row;rows;
object;attribute;class;Python;instance;
particles;temperature;pressure;beta;bosons;
shock;characteristics;conservation;;;
query;log;merge;cache;DEMAINE;
log;ERIK;DEMAINE;certificate;subtree;
matrix;column;x_3;determinant;x_2;
vertex;NP;clique;vertices;clauses;
state;ergodic;states;steady;;
PDF;probability;expectation;fx;events;
spanning;tree;edges;vertex;cycle;
row;matrix;column;triangular;Dash;
member;R3;vector;transpose;orthogonal;
matrix;rank;row;transpose;;
Zn;martingale;sub;expected;probability;
node;height;child;binary;nodes;tree
determinant;submatrix;row;matrix;column;
matrix;orthogonal;vector;orthonormal;;
Lax;Wendroff;stability;Friedrichs;;
probability;random;event;conditional;probabilities;
array;uh;insert;implementation;memory;
orthogonal;matrix;eigenvalues;transpose;eigenvectors;
Left_Para;Right_Para;STUDENT;denominator;;
composition;matrix;transformation;vector;applied;
peak;algorithm;algorithms;complexity;1D;
PDF;probability;CDF;random;invoke;
regularization;E_in;weights;hypothesis;;
nonhomogeneous;4B;4C;solution;4x;homogeneous
outcomes;slots;probability;person;;
AUDIENCE;PROFESSOR;Bellman;Ford;edges;
ambient;temperature;differential;sides;kt;negative
sine;cosine;tau;convolution;integral;
AUDIENCE;PROFESSOR;AVL;tree;nodes;
population;differential;separable;kt;respect;
drunk;simulation;code;cold;;
matrix;eigenvalues;Dash;matrixes;eigenvectors;
cumulant;momentum;cumulants;Gaussian;joint;
node;Node;temp1;insert;temp2;head
neural;layer;perceptron;MODERATOR;descent;
sub;Markov;state;steady;process;
covariance;variance;okay;gonna;Okay;
neural;machine;translation;target;training;
learning;arch;support;climb;;
gonna;LOTUS;okay;gt;PDF;
beta;RIGOLLET;epsilon;PHILIPPE;estimator;
probability;outcome;conditional;PMF;unconditional;
projection;vector;transformation;dot;matrix;scalar
neural;sigmoid;net;;;
AUDIENCE;PROFESSOR;digits;;;
theta;Fisher;moments;psi;variance;
pivot;row;column;echelon;span;basis
pivot;row;echelon;r3;augmented;
neural;learning;architecture;training;train;
complement;probability;intersection;event;beliefs;occurrence
energy;heat;entropy;equilibrium;temperature;
Node;linked;temp;address;Lets;pointer
subspace;transpose;vector;vectors;matrix;column
okay;gonna;Okay;disease;;
probability;threshold;sub;random;expected;
node;address;head;Node;linked;
Node;address;node;150;250;till
outcomes;experiment;probability;;;
gt;Semicolon;Comma;;;
theta;algorithm;sorting;merge;insertion;
integral;dx;lt;Left_Para;;
LEIGHTON;TOM;induction;recurrence;;
hash;DEVADAS;SRINIVAS;collision;;
outcomes;event;rolls;probability;sequence;
row;echelon;x4;pivot;vector;x2
FALSE;TRUE;proposition;predicate;;
WINSTON;PATRICK;features;neural;;
spanning;Euler;edge;you;edges;
gonna;okay;Okay;wanna;;
learning;error;target;MODERATOR;;
probabilities;conditional;additivity;probability;event;intersection
Euler;slope;solution;differential;;
training;filter;neural;pooling;;
sequence;converges;converge;convergence;ai;
slope;differential;solution;equation;field;
energy;particles;gas;beta;equilibrium;
eigenvalues;Dash;matrix;Period;;
matrix;matrixes;transpose;columns;orthogonal;vector
vector;member;transformation;space;Ax;
temperature;c1;prime;c2;initial;
sample;nu;probability;mu;;
algorithm;edges;vertex;vertices;optimum;
chi;distribution;MGF;Gamma;multivariate;okay
transformation;vector;x1;x2;vectors;
Riemann;integral;Right_Para;Left_Para;;
basis;pivots;rows;vectors;elimination;
probability;heads;random;sample;;
event;outcomes;probability;occurred;conditional;probabilities
omega;salt;cosine;amplitude;;
postfix;operand;stack;operands;operator;infix
hash;hashing;log;probing;;
code;print;Python;return;whoever;
countable;uncountable;sequence;exhaust;interval;
row;matrix;transpose;elimination;matrices;
address;stack;linked;node;link;push
row;column;vector;matrix;coordinate;
probability;union;complement;disjoint;intersection;belong
MGF;okay;gonna;distribution;memoryless;
alpha;epsilon;noise;density;velocity;
you;item;Question_Mark;successor;L1;And
population;constant;logistic;paste;sides;
2x;prime;derivative;initial;solution;
die;expectation;heads;coin;outcome;n2
